id,name,position,team,rank
4984,Josh Allen,QB,BUF,1
7564,Ja'Marr Chase,WR,CIN,2
4866,Saquon Barkley,RB,PHI,3
9509,Bijan Robinson,RB,ATL,4
11564,Drake Maye,QB,NE,5
6770,Joe Burrow,QB,CIN,6
9221,Jahmyr Gibbs,RB,DET,7
11566,Jayden Daniels,QB,WAS,8
6794,Justin Jefferson,WR,MIN,9
6786,CeeDee Lamb,WR,DAL,10
9493,Puka Nacua,WR,LAR,11
9488,Jaxon Smith-Njigba,WR,SEA,12
11559,Michael Penix,QB,ATL,13
4034,Christian McCaffrey,RB,SF,14
4881,Lamar Jackson,QB,BAL,15
7547,Amon-Ra St. Brown,WR,DET,16
12527,Ashton Jeanty,RB,LV,17
6904,Jalen Hurts,QB,PHI,18
11632,Malik Nabers,WR,NYG,19
4046,Patrick Mahomes,QB,KC,20
5850,Josh Jacobs,RB,GB,21
7569,Nico Collins,WR,HOU,22
6813,Jonathan Taylor,RB,IND,23
9226,De'Von Achane,RB,MIA,24
11631,Brian Thomas,WR,JAX,25
11560,Caleb Williams,QB,CHI,26
8112,Drake London,WR,ATL,27
6797,Justin Herbert,QB,LAC,28
5859,A.J. Brown,WR,PHI,29
12508,Jaxson Dart,QB,NYG,30
7523,Trevor Lawrence,QB,JAX,31
11604,Brock Bowers,TE,LV,32
8150,Kyren Williams,RB,LAR,33
9224,Chase Brown,RB,CIN,34
11584,Bucky Irving,RB,TB,35
11635,Ladd McConkey,WR,LAC,36
8183,Brock Purdy,QB,SF,37
8138,James Cook,RB,BUF,38
11563,Bo Nix,QB,DEN,39
8137,George Pickens,WR,DAL,40
10232,Michael Wilson,WR,ARI,41
12507,Omarion Hampton,RB,LAC,42
8130,Trey McBride,TE,ARI,43
9510,Lew Nichols,RB,PIT,44
6801,Tee Higgins,WR,CIN,45
8144,Chris Olave,WR,NO,46
8155,Breece Hall,RB,NYJ,47
12526,Tetairoa McMillan,WR,CAR,48
3294,Dak Prescott,QB,DAL,49
11638,Ricky Pearsall,WR,SF,50
10229,Rashee Rice,WR,KC,51
5892,David Montgomery,RB,HOU,52
8146,Garrett Wilson,WR,NYJ,53
7002,Juwan Johnson,TE,NO,54
8228,Jaylen Warren,RB,PIT,55
11628,Marvin Harrison,WR,ARI,56
12514,Emeka Egbuka,WR,TB,57
8151,Kenneth Walker,RB,KC,58
6804,Jordan Love,QB,GB,59
9499,Bryce Ford-Wheaton,WR,NYG,60
12529,TreVeyon Henderson,RB,NE,61
12530,Travis Hunter,WR,JAX,62
8148,Jameson Williams,WR,DET,63
12492,Pat Bryant,WR,DEN,64
11586,Blake Corum,RB,LAR,65
4892,Baker Mayfield,QB,TB,66
8167,Christian Watson,WR,GB,67
9489,Justin Shorter,WR,LV,68
1373,Geno Smith,QB,NYJ,69
11620,Rome Odunze,WR,CHI,70
11624,Xavier Worthy,WR,KC,71
12545,Tyler Shough,QB,NO,72
7525,DeVonta Smith,WR,PHI,73
6819,Michael Pittman,WR,PIT,74
9758,C.J. Stroud,QB,HOU,75
12489,RJ Harvey,RB,DEN,76
4037,Chris Godwin,WR,TB,77
4943,Sam Darnold,QB,SEA,78
12534,Kyle Monangai,RB,CHI,79
9483,Zack Kuntz,TE,MIA,80
12519,Luther Burden,WR,CHI,81
3163,Jared Goff,QB,DET,82
5045,Courtland Sutton,WR,DEN,83
9997,Zay Flowers,WR,BAL,84
12517,Colston Loveland,TE,CHI,85
7526,Jaylen Waddle,WR,MIA,86
9480,Brenton Strange,TE,JAX,87
12493,Oronde Gadsden,TE,LAC,88
12518,Tyler Warren,TE,IND,89
12512,Quinshon Judkins,RB,CLE,90
11618,Jalen McMillan,WR,TB,91
8121,Romeo Doubs,WR,NE,92
12506,Harold Fannin,TE,CLE,93
7588,Javonte Williams,RB,DAL,94
9484,Tucker Kraft,TE,GB,95
12481,Cam Skattebo,RB,NYG,96
12524,Shedeur Sanders,QB,CLE,97
10859,Sam LaPorta,TE,DET,98
5846,DK Metcalf,WR,PIT,99
2133,Davante Adams,WR,LAR,100
5967,Tony Pollard,RB,TEN,101
6768,Tua Tagovailoa,QB,ATL,102
8921,Maurice Alexander,WR,CHI,103
5849,Kyler Murray,QB,MIN,104
8676,Rashid Shaheed,WR,SEA,105
12522,Cam Ward,QB,TEN,106
9753,Zach Charbonnet,RB,SEA,107
9756,Jordan Addison,WR,MIN,108
9228,Bryce Young,QB,CAR,109
10222,Jayden Reed,WR,GB,110
7543,Travis Etienne,RB,NO,111
421,Matthew Stafford,QB,LAR,112
7553,Kyle Pitts,TE,ATL,113
7594,Chuba Hubbard,RB,CAR,114
11603,AJ Barner,TE,SEA,115
5947,Jakobi Meyers,WR,JAX,116
9504,Kayshon Boutte,WR,NE,117
7611,Rhamondre Stevenson,RB,NE,118
10236,Dalton Kincaid,TE,BUF,119
8126,Wan'Dale Robinson,WR,TEN,120
3198,Derrick Henry,RB,BAL,121
4983,DJ Moore,WR,BUF,122
9754,Quentin Johnston,WR,LAC,123
4137,James Conner,RB,ARI,124
5870,Daniel Jones,QB,IND,125
5927,Terry McLaurin,WR,WAS,126
6790,D'Andre Swift,RB,CHI,127
9229,Anthony Richardson,QB,IND,128
11589,Trey Benson,RB,ARI,129
11647,Kimani Vidal,RB,LAC,130
3271,Tyler Higbee,TE,LAR,131
11565,J.J. McCarthy,QB,MIN,132
8210,Chig Okonkwo,TE,WAS,133
11627,Troy Franklin,WR,DEN,134
12474,Woody Marks,RB,HOU,135
8134,Khalil Shakir,WR,BUF,136
8111,Cade Otton,TE,TB,137
11576,Braelon Allen,RB,NYJ,138
12670,KeAndre Lambert-Smith,WR,LAC,139
8142,Alec Pierce,WR,IND,140
12523,Jimmy Horn,WR,CAR,141
12484,Jayden Higgins,WR,HOU,142
11646,Jalen Coker,WR,CAR,143
12501,Matthew Golden,WR,GB,144
4199,Aaron Jones,RB,MIN,145
11597,Theo Johnson,TE,NYG,146
4217,George Kittle,TE,SF,147
9500,Josh Downs,WR,IND,148
2216,Mike Evans,WR,SF,149
12504,Kaleb Johnson,RB,PIT,150
8110,Jake Ferguson,TE,DAL,151
8801,Dennis Houston,WR,TB,152
6803,Brandon Aiyuk,WR,SF,153
8132,Tyler Allgeier,RB,ARI,154
8783,Kendric Pryor,WR,CIN,155
7021,Rico Dowdle,RB,PIT,156
11592,Erick All,TE,CIN,157
5012,Mark Andrews,TE,BAL,158
9487,Parker Washington,WR,JAX,159
5001,Dalton Schultz,TE,HOU,160
11599,Cade Stover,TE,HOU,161
12498,Mason Taylor,TE,NYJ,162
12535,Isaac TeSlaa,WR,DET,163
12490,Bhayshul Tuten,RB,JAX,164
12520,Xavier Restrepo,WR,TEN,165
6136,Jarrett Stidham,QB,DEN,166
11570,Rasheen Ali,RB,BAL,167
8423,Brittain Brown,RB,CHI,168
9502,Tank Dell,WR,HOU,169
11655,Tyrone Tracy,RB,NYG,170
7567,Kenneth Gainwell,RB,TB,171
6806,J.K. Dobbins,RB,DEN,172
11583,Jonathon Brooks,RB,CAR,173
12455,Brashard Smith,RB,KC,174
6865,Colby Parkinson,TE,LAR,175
11637,Keon Coleman,WR,BUF,176
12497,Tory Horton,WR,SEA,177
12540,Chimere Dike,WR,TEN,178
12533,Jacory Croskey-Merritt,RB,WAS,179
11617,Malachi Corley,WR,CLE,180
12509,Tre' Harris,WR,LAC,181
12521,Elijah Arroyo,TE,SEA,182
4066,Evan Engram,TE,DEN,183
10214,Davis Allen,TE,LAR,184
3214,Hunter Henry,TE,NE,185
12499,Elic Ayomanor,WR,TEN,186
10235,Roschon Johnson,RB,CHI,187
5844,T.J. Hockenson,TE,MIN,188
9508,Tyjae Spears,RB,TEN,189
12495,Ollie Gordon,RB,MIA,190
12547,Kyle Williams,WR,NE,191
829,Andy Dalton,QB,CAR,192
4035,Alvin Kamara,RB,NO,193
8131,Isaiah Likely,TE,NYG,194
7591,Justin Fields,QB,NYJ,195
12487,Terrance Ferguson,TE,LAR,196
12536,Jaylin Noel,WR,HOU,197
6783,Jerry Jeudy,WR,CLE,198
12457,Jaydon Blue,RB,DAL,199
11626,Xavier Legette,WR,CAR,200
13079,Jahdae Walker,WR,CHI,201
11581,MarShawn Lloyd,RB,GB,202
10213,Tre Tucker,WR,LV,203
11596,Ben Sinnott,TE,WAS,204
8200,Kevin Austin,WR,NO,205
8408,Jordan Mason,RB,MIN,206
8205,Isiah Pacheco,RB,DET,207
138,Ben Roethlisberger,QB,PIT,208
12502,Gunnar Helm,TE,TEN,209
8161,Malik Willis,QB,MIA,210
4981,Calvin Ridley,WR,TEN,211
10444,Cedric Tillman,WR,CLE,212
12469,Dylan Sampson,RB,CLE,213
3257,Jacoby Brissett,QB,ARI,214
11625,Adonai Mitchell,WR,NYJ,215
7527,Mac Jones,QB,SF,216
11610,Malik Washington,WR,MIA,217
11435,Emanuel Wilson,RB,SEA,218
9225,Tank Bigsby,RB,PHI,219
8698,Jake Tonges,TE,SF,220
12510,Jalen Milroe,QB,SEA,221
7571,Rashod Bateman,WR,BAL,222
12476,Devin Neal,RB,NO,223
11619,Ja'Lynn Polk,WR,NO,224
9501,DeMario Douglas,WR,NE,225
9506,Sean Tucker,RB,TB,226
9486,Dontayvion Wicks,WR,GB,227
12542,Efton Chism,WR,NE,228
8188,Tyquan Thornton,WR,KC,229
4179,Joshua Dobbs,QB,NE,230
7600,Pat Freiermuth,TE,PIT,231
8136,Rachaad White,RB,WAS,232
12483,Jack Bech,WR,LV,233
1466,Travis Kelce,TE,KC,234
10219,Chris Rodriguez,RB,JAX,235
3634,Kalif Raymond,WR,CHI,236
9511,Keaton Mitchell,RB,LAC,237
12503,Isaiah Bond,WR,CLE,238
2118,Eric Ebron,TE,PIT,239
9494,Marvin Mims,WR,DEN,240
11575,Ray Davis,RB,BUF,241
11783,Ryan Flournoy,WR,DAL,242
11834,Devaughn Vele,WR,NO,243
12485,Tez Johnson,WR,TB,244
3976,Mitchell Trubisky,QB,TEN,245
2306,Jameis Winston,QB,NYG,246
4039,Cooper Kupp,WR,SEA,247
9497,Jalin Hyatt,WR,NYG,248
12500,Quinn Ewers,QB,MIA,249
12462,Damien Martinez,RB,GB,250
9757,Kendre Miller,RB,NO,251
6149,Darius Slayton,WR,NYG,252
11643,Jaylen Wright,RB,MIA,253
2307,Marcus Mariota,QB,WAS,254
11571,Isaiah Davis,RB,NYJ,255
1408,Le'Veon Bell,RB,TB,256
8127,Charlie Kolar,TE,LAC,257
9482,Michael Mayer,TE,LV,258
11600,Ja'Tavion Sanders,TE,CAR,259
4993,Mike Gesicki,TE,CIN,260
6130,Devin Singletary,RB,NYG,261
8223,Velus Jones,WR,SEA,262
7559,Ihmir Smith-Marsette,WR,ARI,263
11630,Roman Wilson,WR,PIT,264
11651,Isaac Guerendo,RB,SF,265
7670,Joshua Palmer,WR,BUF,266
12941,Bryson Nesbit,TE,MIN,267
12826,Ulysses Bentley,RB,IND,268
11257,Shedrick Jackson,WR,LV,269
12471,DJ Giddens,RB,IND,270
6040,Tyree Jackson,TE,WAS,271
8180,Jalen Nailor,WR,LV,272
12505,Jalen Royals,WR,KC,273
8259,Cameron Dicker,K,LAC,274
11579,Audric Estime,RB,NO,275
12541,Dont'e Thornton,WR,LV,276
12725,Luke Lachey,TE,HOU,277
12738,Phil Mafah,RB,DAL,278
8125,Calvin Austin,WR,NYG,279
5995,Justice Hill,RB,BAL,280
12475,Ricky White,WR,SEA,281
12543,Tahj Brooks,RB,CIN,282
6826,Cole Kmet,TE,CHI,283
9479,Darnell Washington,TE,PIT,284
11569,Jarquez Hunter,RB,LAR,285
6843,Albert Okwuegbunam,TE,LV,286
11439,Jaleel McLaughlin,RB,DEN,287
9481,Luke Musgrave,TE,GB,288
8147,John Metchie,WR,CAR,289
12062,Cam Grandy,TE,CIN,290
4147,Samaje Perine,RB,CIN,291
12939,Anthony Tyus,RB,CAR,292
10226,Andrei Iosivas,WR,CIN,293
7828,Noah Gray,TE,KC,294
12531,Trevor Etienne,RB,CAR,295
12472,Raheim Sanders,RB,CLE,296
6039,Ty Johnson,RB,BUF,297
7933,Alex Kessman,K,CAR,298
11577,Will Shipley,RB,PHI,299
4454,Kendrick Bourne,WR,ARI,300
7042,Tyler Bass,K,BUF,301
8800,Malik Davis,RB,DAL,302
12482,Savion Williams,WR,GB,303
12467,Jordan James,RB,SF,304
3286,Demarcus Robinson,WR,SF,305
11653,Charlie Smyth,K,NO,306
12544,LeQuint Allen,RB,JAX,307
11588,Jawhar Jordan,RB,HOU,308
12511,Will Howard,QB,PIT,309
12641,Jaylin Lane,WR,WAS,310
11623,Jordan Whittington,WR,LAR,311
4177,Mack Hollins,WR,NE,312
5857,Noah Fant,TE,NO,313
11199,Emari Demercado,RB,KC,314
12718,Konata Mumpfield,WR,LAR,315
11650,Luke McCaffrey,WR,WAS,316
12496,Tai Felton,WR,MIN,317
8181,Connor Heyward,TE,LV,318
1945,Chris Boswell,K,PIT,319
12532,Ja'Corey Brooks,WR,WAS,320
7233,Andre Baccellia,WR,ARI,321
5906,Dawson Knox,TE,BUF,322
8076,Michael Bandy,WR,DEN,323
9230,Tanner McKee,QB,PHI,324
12946,Dontae Fleming,WR,MIN,325
8119,Jahan Dotson,WR,ATL,326
11557,Joe Milton,QB,DAL,327
12113,Thomas Yassmin,TE,LAC,328
11370,Chris Brooks,RB,GB,329
11186,Carlos Washington,RB,ATL,330
11562,Spencer Rattler,QB,NO,331
11802,Tejhaun Palmer,WR,ARI,332
6271,Olamide Zaccheaus,WR,ATL,333
10215,Jake Haener,QB,KC,334
12470,Riley Leonard,QB,IND,335
10218,Xavier Hutchinson,WR,HOU,336
9220,Evan Hull,RB,NO,337
11629,Devontez Walker,WR,BAL,338
13066,Ben Sauls,K,NYG,339
8135,Treylon Burks,WR,WAS,340
10866,Aidan O'Connell,QB,LV,341
4972,Mason Rudolph,QB,PIT,342
10225,Jonathan Mingo,WR,DAL,343
11377,Tyrell Shavers,WR,BUF,344
3309,Wendell Smallwood,RB,WAS,345
8117,Jalen Tolbert,WR,MIA,346
13150,Darius Cooper,WR,PHI,347
6011,Gardner Minshew,QB,ARI,348
7694,Tommy Tremble,TE,CAR,349
12538,Brady Cook,QB,NYJ,350
7585,Davis Mills,QB,HOU,351
11595,Jared Wiley,TE,KC,352
7083,Tyler Huntley,QB,BAL,353
8917,KaVontae Turpin,WR,DAL,354
9999,Will Levis,QB,TEN,355
13179,Ja'seem Reed,WR,CAR,356
7562,Tutu Atwell,WR,MIA,357
12860,Theo Wease,WR,MIA,358
12412,Terrell Jennings,RB,NE,359
6992,Michael Warren,RB,DET,360
11648,Kedon Slovis,QB,ARI,361
12732,Dominic Lovett,WR,DET,362
3202,Austin Hooper,TE,ATL,363
5973,Josh Oliver,TE,MIN,364
8208,Tyler Badie,RB,DEN,365
11633,Jamari Thrash,WR,CLE,366
650,Nick Folk,K,ATL,367
6323,Andrew Beck,RB,NYJ,368
7891,Brock Wright,TE,DET,369
12048,George Holani,RB,SEA,370
12515,Donovan Edwards,RB,MIA,371
10867,Jake Bobo,WR,SEA,372
12473,Mitchell Evans,TE,CAR,373
7103,Tavien Feaster,RB,ARI,374
10224,Brayden Willis,TE,SF,375
11299,Zavier Scott,RB,MIN,376
8225,Daniel Bellinger,TE,TEN,377
11558,Sam Hartman,QB,WAS,378
12539,Arian Smith,WR,NYJ,379
7568,Brevin Jordan,TE,HOU,380
11921,Xavier Weaver,WR,ARI,381
7716,John Bates,TE,WAS,382
11068,Mitch Tinsley,WR,CIN,383
8145,Jeremy Ruckert,TE,NYJ,384
12486,Dillon Gabriel,QB,CLE,385
6154,David Sills,WR,ATL,386
8177,Grant Calcaterra,TE,PHI,387
12933,Caden Prieskorn,TE,CLE,388
4017,Deshaun Watson,QB,CLE,389
3239,Bronson Kaufusi,TE,GB,390
8160,Kenny Pickett,QB,CAR,391
8168,Skyy Moore,WR,GB,392
10863,A.T. Perry,WR,PIT,393
12700,Gavin Bartholomew,TE,MIN,394
12516,Kalel Mullings,RB,TEN,395
6938,Cam Akers,RB,SEA,396
11615,Ainias Smith,WR,CAR,397
12634,Jordan Watkins,WR,SF,398
9490,Tyler Scott,WR,LAR,399
11256,Tyson Bagent,QB,CHI,400
8162,Sam Howell,QB,DAL,401
11608,Isaiah Williams,WR,NYJ,402
7842,Luke Farrell,TE,SF,403
11056,Jared Wayne,WR,HOU,404
12829,Coleman Owen,WR,IND,405
10871,Luke Schoonmaker,TE,DAL,406
5409,Tanner Hudson,TE,CIN,407
11616,Jacob Cowing,WR,SF,408
11598,Tanner McLachlan,TE,LAC,409
12715,Thomas Fidone,TE,NYG,410
5938,Lil'Jordan Humphrey,WR,DEN,411
11994,Kameron Johnson,WR,TB,412
7535,Hunter Long,TE,JAX,413
8861,Irvin Charles,WR,NYJ,414
13074,Isaiah Neyor,WR,GB,415
12865,AJ Henning,WR,MIA,416
11941,Isaiah Wooden,WR,CLE,417
8089,Sal Cannella,TE,CLE,418
12898,Seth Henigan,QB,IND,419
11573,Frank Gore,RB,BUF,420
12478,Nick Nash,WR,WAS,421
12699,LaJohntay Wester,WR,BAL,422
10937,Jake Moody,K,WAS,423
6147,Clayton Thorson,QB,NYG,424
11533,Brandon Aubrey,K,DAL,425
3451,Ka'imi Fairbairn,K,HOU,426
13202,Dalevon Campbell,WR,LAC,427
10210,Cameron Latu,TE,PHI,428
11940,JaQuae Jackson,WR,LAC,429
13120,Jacoby Jones,WR,WAS,430
12477,Kurtis Rourke,QB,SF,431
1433,Brandon McManus,K,GB,432
8799,Zaire Mitchell-Paden,TE,NO,433
6111,Jake Browning,QB,TB,434
8413,Chris Oladokun,QB,KC,435
1706,Jack Doyle,TE,IND,436
11371,Julian Hill,TE,NE,437
12773,DJ Uiagalelei,QB,LAC,438
3678,Wil Lutz,K,DEN,439
6528,Joey Slye,K,TEN,440
8170,James Mitchell,TE,CAR,441
12797,Ahmani Marshall,RB,CLE,442
6001,Drew Sample,TE,CIN,443
12185,Spencer Shrader,K,IND,444
12961,Ryan Fitzgerald,K,CAR,445
6866,KJ Hill,WR,LAC,446
11911,Jeshaun Jones,WR,MIN,447
10221,Ronnie Bell,WR,NO,448
7565,Terrace Marshall,WR,MIA,449
6931,DeeJay Dallas,RB,JAX,450
8157,Bailey Zappe,QB,NYJ,451
5957,Isaac Nauta,TE,GB,452
11748,Bub Means,WR,NO,453
6175,Kerrith Whyte,RB,GB,454
11065,Adrian Martinez,QB,SF,455
12848,Josh Kelly,WR,HOU,456
8849,Tanner Conner,TE,NYG,457
8484,Ko Kieft,TE,TB,458
10223,Eric Gray,RB,NYG,459
10983,Sean Clifford,QB,CIN,460
10216,Kenny McIntosh,RB,SEA,461
4195,Jake Elliott,K,PHI,462
12356,Jabari Small,RB,DET,463
11568,Blake Watson,RB,TEN,464
10228,Charlie Jones,WR,CIN,465
7583,Sam Ehlinger,QB,DEN,466
12935,Jakobie Keeney-James,WR,GB,467
12656,Robbie Ouzts,RB,SEA,468
3868,Jalen Richard,RB,LV,469
13145,ShunDerrick Powell,RB,KC,470
10955,Chad Ryland,K,ARI,471
12374,Brenden Bates,TE,CLE,472
6427,Ashton Dulin,WR,IND,473
12925,Jamaal Pritchett,WR,NYJ,474
13151,Nick Kallerup,TE,SEA,475
8214,Cole Turner,TE,MIA,476
11593,Brevyn Spann-Ford,TE,DAL,477
11304,E.J. Jenkins,TE,PHI,478
11292,Tommy DeVito,QB,NE,479
12868,Montrell Johnson,RB,CAR,480
11384,Owen Wright,RB,TB,481
12154,Messiah Swinson,TE,GB,482
2747,Jason Myers,K,SEA,483
4233,Zane Gonzalez,K,MIA,484
5119,Jason Sanders,K,NYG,485
6699,Gunner Olszewski,WR,NYG,486
10860,Malik Cunningham,WR,DET,487
11789,Joshua Karty,K,ARI,488
12015,Harrison Mevis,K,LAR,489
12713,Andy Borregales,K,NE,490
503,Graham Gano,K,NYG,491
2020,Cairo Santos,K,CHI,492
2152,Teddy Bridgewater,QB,DET,493
2334,Phillip Dorsett,WR,LV,494
4227,Harrison Butker,K,KC,495
4464,Nick Mullens,QB,JAX,496
5127,Kyle Allen,QB,BUF,497
5189,Eddy Pineiro,K,SF,498
5781,Malik Turner,WR,SF,499
5854,Drew Lock,QB,SEA,500
